/* Devin Hardy */

INSERT INTO employer VALUES ('0224B75C', 'Sash', 'Uma', 'Leon', '813-189-8143', 'Ap #997-9848 Purus Road', 'Ap#309-5442 Mauris St.', 'Regina', '10515', 'Cheryl Pugh');
INSERT INTO employer VALUES ('5E49FAFF', 'Madeline', 'Fallon', 'Cherry', '222-864-2598', '839-2141 Massa. Road', 'P.O. Box 549, 1031 Tortor Road', 'Ellikom', '11980', 'Yasir W. Klein');
INSERT INTO employer VALUES ('13F0B354', 'Kai', 'Sacha', 'Pate', '574-362-6289', 'P.O. Box 572, 4718 Blandit. Avenue', '990-1053 Etiam St.', 'Geertruidenberg', '15951', 'Hasad L. House');
INSERT INTO employer VALUES ('512BBFBA', 'Charles', 'Alec', 'Murray', '538-744-9373', 'P.O. Box 200, 2430 Nec, St.', 'P.O. Box 384, 8475 Auctor Rd.', 'Mataró', '17768', 'Lillian Haynes');
INSERT INTO employer VALUES ('98E66AF0', 'Todd', 'Clementine', 'Lowery', '909-706-7082', 'P.O. Box 493, 4554 Id, Rd.', '1832 At, St.', 'Roxburgh', '25646', 'Sawyer F. Keith');
INSERT INTO employer VALUES ('2B84ED7F', 'Cheryl', 'Elmo', 'Golden', '625-639-3938', 'P.O. Box 814, 8010 Ante Ave', '645-9912 Mattis Road', 'Monte Patria', '27080', 'Chiquita Jimenez');
INSERT INTO employer VALUES ('A7C9A313', 'Lucas', 'Wesley', 'Houston', '427-264-4336', '5365 Natoque Street', '127-4199 Cras Road', 'Grand Rapids', '27953', 'Uriah Hill');
INSERT INTO employer VALUES ('CE8DF959', 'Robin', 'Kessie', 'Gilliam', '919-688-4923', 'Ap #468-7085 Curabitur St.', '3473 Erat St.', 'Sennariolo', '31096', 'Nash S. Richardson');
INSERT INTO employer VALUES ('8981F371', 'Aladdin', 'Cullen', 'Sargent', '927-484-7185', '1500 Lectus. St.', 'P.O. Box 692, 6034 Mattis Rd.', 'Palayankottai', '31374', 'Barrett Turner');
INSERT INTO employer VALUES ('D0260322', 'Castor', 'Lynn', 'Moreno', '822-890-2967', 'P.O. Box 185, 3908 Pharetra St.', 'P.O. Box 737, 4611 Nulla. St.', 'Wolfurt', '31504', 'Orlando J. Franklin');

INSERT INTO pWorker VALUES ('B1EA672A', 'Wanda', 'Whilemina', 'Parks',
 'Ap #315-7542 A, Ave', '6189 Venenatis Street', 'Sanluri', '51216',
 '462-317-5004', 'B.S.', 'MIS', 'Rose-Hulman Institute of Technology', '1994', 
 'Technical Writing', 'Proficient', '02-DEC-2018', '02:08:13', '7');
INSERT INTO pWorker VALUES ('37F4F59D', 'Travis', 'Demetria', 'Brennan',
'P.O. Box 955, 2796 Mi Av.', '308-9587 Justo Rd.', 'Villafranca d''Asti', '58338',
'234-375-9841', 'B.A.', 'CS', 'University of Wisconsin', '1993', 
'Programming', 'Novice', '25-NOV-2018', '08:53:32', '5');
INSERT INTO pWorker VALUES ('58BCD7C3', 'Gretchen', 'Yuli', 'Stafford',
'2446 Magnis St.', '3962 Urna Avenue', 'Jefferson City', '58578',
'633-193-6320', 'B.S.', 'CIS', 'New York Institute of Technology', '1995', 
'Cyber Security', 'Proficient', '25-NOV-2018', '01:55:45', '6');
INSERT INTO pWorker VALUES ('B6979BBE', 'Blaine', 'Nola', 'Dejesus',
'846-977 Nullam Street', 'P.O. Box 876, 9883 Sem Road', 'Vandoies/Vintl', '59806',
'692-177-7081', 'B.A.', 'ITE', 'University of Alabama', '2005', 
'Cyber Security', 'Moderate', '27-OCT-2018', '03:57:17', '8');
INSERT INTO pWorker VALUES ('87E8D390', 'Evangeline', 'Desirae', 'Preston',
'6188 Egestas Avenue', 'Ap #330-2396 Eleifend St.', 'Molino dei Torti', '59861',
'832-138-9632', 'Certificate', 'EE', 'Herzing University', '1997', 
'Operating Systems', 'Proficient', '18-NOV-2018', '17:52:31', '3');
INSERT INTO pWorker VALUES ('03DD7FB6', 'Honorato', 'Keelie', 'Kennedy',
'Ap #169-3442 Tincidunt. Rd.', '136-2910 Quis Street', 'Cairns', '59939',
'447-168-4834', 'A.S.', 'CS', 'Georgia State University', '2013', 
'Data Analysis', 'Moderate', '10-DEC-2018', '13:14:25', '5');
INSERT INTO pWorker VALUES ('F3E19D5E', 'Clarke', 'Bryar', 'Beach',
'4163 Malesuada Av.', 'Ap #337-7361 Neque St.', 'Tournefeuille', '67266',
'220-273-1698', 'A.S.', 'CIS', 'Texas Tech', '1999', 
'Programming', 'Proficient', '17-NOV-2018', '10:47:56', '2');
INSERT INTO pWorker VALUES ('F3D4D51E', 'Erich', 'Alec', 'Francis',
'9401 Fringilla, St.', 'P.O. Box 867, 7629 Et Ave', 'Canela', '70011',
'658-831-2656', 'A.A.S.', 'AE', 'North Dakota State University', '2009', 
'Software', 'Novice', '24-NOV-2018', '12:36:45', '2');
INSERT INTO pWorker VALUES ('E4117DE9', 'Tucker', 'Colin', 'Gay',
'P.O. Box 530, 8821 Leo, Road', 'P.O. Box 326, 7312 Semper Road', 'Malbaie', '70116',
'606-295-4748', 'A.A.S.', 'ITE', 'Iowa University', '1988', 
'Project Management', 'Moderate', '07-NOV-2018', '12:52:15', '9');
INSERT INTO pWorker VALUES ('A492113E', 'Leandra', 'Orli', 'Olsen',
'528-1019 Vitae St.', '6044 Interdum Av.', 'Roux', '70408',
'654-903-2246', 'B.S.', 'EE', 'University of South Carolina', '1985', 
'Cyber Security', 'Proficient', '08-DEC-2018', '08:29:48', '6');

INSERT INTO personnelDirector VALUES ('14-NOV-2018', '06:30:16', 'Parks', 'B1EA672A', 'Professional', 'Entry');
INSERT INTO personnelDirector VALUES ('30-OCT-2018', '19:35:48', 'Brennan', '37F4F59D', 'Temporary', 'Junior');
INSERT INTO personnelDirector VALUES ('10-DEC-2018', '05:32:39', 'Stafford', '58BCD7C3', 'Temporary', 'Entry');
INSERT INTO personnelDirector VALUES ('02-NOV-2018', '03:00:56', 'Dejesus', 'B6979BBE', 'Professional', 'Entry');
INSERT INTO personnelDirector VALUES ('18-DEC-2018', '21:22:40', 'Preston', '87E8D390', 'Temporary', 'Entry');
INSERT INTO personnelDirector VALUES ('27-OCT-2018', '04:39:53', 'Kennedy', '03DD7FB6', 'Temporary', 'Entry');
INSERT INTO personnelDirector VALUES ('15-NOV-2018', '00:10:58', 'Beach', 'F3E19D5E', 'Temporary', 'Entry');
INSERT INTO personnelDirector VALUES ('07-NOV-2018', '09:01:37', 'Francis', 'F3D4D51E', 'Temporary', 'Junior');
INSERT INTO personnelDirector VALUES ('01-NOV-2018', '12:49:32', 'Gay', 'E4117DE9', 'Professional', 'Entry');
INSERT INTO personnelDirector VALUES ('29-DEC-2018', '23:05:41', 'Olsen', 'A492113E', 'Professional', 'Entry');

INSERT INTO job VALUES ('46', 'Professional', 'Entry', 'Technical Writing', 'Novice', 'Thursday', '5', '8', '0224B75C');
INSERT INTO job VALUES ('47', 'Temporary', 'Junior', 'Programming', 'Moderate', 'Friday', '10', '10', '5E49FAFF');
INSERT INTO job VALUES ('48', 'Temporary', 'Entry', 'Cyber Security', 'Proficient', 'Friday', '10', '7', '13F0B354');
INSERT INTO job VALUES ('49', 'Professional', 'Entry', 'Cyber Security', 'Proficient', 'Sunday', '1', '10', '512BBFBA');
INSERT INTO job VALUES ('50', 'Temporary', 'Entry', 'Operating Systems', 'Moderate', 'Wednesday', '7', '4', '98E66AF0');
INSERT INTO job VALUES ('51', 'Temporary', 'Entry', 'Data Analysis', 'Novice', 'Friday', '10', '5', '2B84ED7F');
INSERT INTO job VALUES ('52', 'Temporary', 'Entry', 'Programming', 'Novice', 'Wednesday', '7', '3', 'A7C9A313');
INSERT INTO job VALUES ('53', 'Temporary', 'Junior', 'Software', 'Moderate', 'Friday', '5', '8', 'CE8DF959');
INSERT INTO job VALUES ('62', 'Professional', 'Entry', 'Project Management', 'Proficient', 'Saturday', '7', '8', '8981F371');
INSERT INTO job VALUES ('75', 'Professional', 'Entry', 'Cyber Security', 'Proficient', 'Wednesday', '11', '9', 'D0260322');

INSERT INTO wCInterview VALUES ('B1EA672A', '0224B75C', '46', '20-NOV-2018', 'hired');
INSERT INTO wCInterview VALUES ('37F4F59D', '5E49FAFF', '47', '23-NOV-2018', 'hired');
INSERT INTO wCInterview VALUES ('58BCD7C3', '13F0B354', '48', '22-OCT-2018', 'hired');
INSERT INTO wCInterview VALUES ('B6979BBE', '98E66AF0', '50', '18-NOV-2018', 'not qualified');
INSERT INTO wCInterview VALUES ('87E8D390', '98E66AF0', '50', '21-NOV-2018', 'hired');
INSERT INTO wCInterview VALUES ('03DD7FB6', '98E66AF0', '50', '19-NOV-2018', 'not qualified');
INSERT INTO wCInterview VALUES ('F3E19D5E', 'A7C9A313', '52', '20-NOV-2018', 'hired');
INSERT INTO wCInterview VALUES ('F3D4D51E', 'CE8DF959', '53', '20-NOV-2018', 'hired');
INSERT INTO wCInterview VALUES ('E4117DE9', '8981F371', '62', '04-NOV-2018', 'hired');
INSERT INTO wCInterview VALUES ('A492113E', 'D0260322', '75', '05-DEC-2018', 'hired');

INSERT INTO evaluation VALUES ('B1EA672A', '46', '25-NOV-2018', 'Kerry U. Page', '7', 'Stole- however showed great potential if stayed on straight and narrow');
INSERT INTO evaluation VALUES ('37F4F59D', '47', '16-DEC-2018', 'Berk H. Jackson', '5', 'Created hostile work environgment');
INSERT INTO evaluation VALUES ('58BCD7C3', '48', '01-NOV-2018', 'Ariana L. Cobb', '6', 'Not suited for position - lied on resume?');
INSERT INTO evaluation VALUES ('B6979BBE', '49', '23-DEC-2018', 'Blaze U. Henderson', '8', '');
INSERT INTO evaluation VALUES ('87E8D390', '50', '24-NOV-2018', 'Erich Wheeler', '3', '');
INSERT INTO evaluation VALUES ('03DD7FB6', '51', '30-DEC-2018', 'Lucius Merritt', '5', '');
INSERT INTO evaluation VALUES ('F3E19D5E', '52', '01-DEC-2018', 'Aretha Kemp', '2', 'Did not follow company policies');
INSERT INTO evaluation VALUES ('F3D4D51E', '53', '30-NOV-2018', 'Cheryl Dennis', '2', 'Seems to have issues with authority');
INSERT INTO evaluation VALUES ('E4117DE9', '62', '27-NOV-2018', 'Emmanuel Vazquez', '9', 'Worked well and new position but could not make it to work on time.');
INSERT INTO evaluation VALUES ('A492113E', '75', '17-DEC-2018', 'Tanya Burch', '6', '');

INSERT INTO bill VALUES ('0224B75C', '100568', '26-NOV-2018', '$196.30');
INSERT INTO bill VALUES ('5E49FAFF', '100569', '18-DEC-2018', '$1,517.18');
INSERT INTO bill VALUES ('13F0B354', '100570', '02-NOV-2018', '$603.94');
INSERT INTO bill VALUES ('512BBFBA', '100571', '25-DEC-2018', '$1,058.06');
INSERT INTO bill VALUES ('98E66AF0', '100572', '25-NOV-2018', '$198.90');
INSERT INTO bill VALUES ('2B84ED7F', '100573', '03-JAN-2018', '$3,968.88');
INSERT INTO bill VALUES ('A7C9A313', '100574', '03-DEC-2018', '$779.17');
INSERT INTO bill VALUES ('CE8DF959', '100575', '01-DEC-2018', '$482.54');
INSERT INTO bill VALUES ('8981F371', '100576', '29-NOV-2018', '$1,628.48');
INSERT INTO bill VALUES ('D0260322', '100577', '18-DEC-2018', '$542.51');

INSERT INTO payroll VALUES ('1021', 'B1EA672A', '2', '$11.36', '$181.76', '$36.35', '$145.41', '$181.76', '$36.35', '$145.41');
INSERT INTO payroll VALUES ('1022', '37F4F59D', '7', '$8.78', '$491.68', '$98.34', '$393.34', '$491.68', '$98.34', '$393.34');
INSERT INTO payroll VALUES ('1023', '37F4F59D', '7', '$8.78', '$491.68', '$98.34', '$393.34', '$983.36', '$196.68', '$786.68');
INSERT INTO payroll VALUES ('1024', '37F4F59D', '6', '$8.78', '$421.44', '$84.29', '$337.15', '$1,404.80', '$280.96', '$1,123.84');
INSERT INTO payroll VALUES ('1025', '58BCD7C3', '6', '$11.65', '$559.20', '$111.84', '$447.36', '$559.20', '$111.87', '$447.36');
INSERT INTO payroll VALUES ('1026', 'B6979BBE', '7', '$9.42', '$527.52', '$105.50', '422.02', '$527.52', '$105.50', '$422.02');
INSERT INTO payroll VALUES ('1027', 'B6979BBE', '6', '$9.42', '$452.16', '$90.43', '$361.73', '$979.68', '$195.93', '$783.75');
INSERT INTO payroll VALUES ('2028', '87E8D390', '2', '$11.51', '$184.16', '$36.83', '$147.33', '$184.16', '$36.83', '$147.33');
INSERT INTO payroll VALUES ('2029', '03DD7FB6', '7', '$9.57', '$535.92', '$107.18', '$428.74', '$535.92', '$107.18', '$428.74');
INSERT INTO payroll VALUES ('2037', '03DD7FB6', '7', '$9.57', '$535.92', '$107.18', '$428.74', '$1,071.84', '$214.36', '$857.48');
INSERT INTO payroll VALUES ('1038', '03DD7FB6', '7', '$9.57', '$535.92', '$107.18', '$428.74', '$1,607.76', '$321.55', '$1,286.21');
INSERT INTO payroll VALUES ('1039', '03DD7FB6', '7', '$9.57', '$535.92', '$107.18', '$428.74', '$2,143.68', '$428.73', '$1,714.95');
INSERT INTO payroll VALUES ('1040', '03DD7FB6', '7', '$9.57', '$535.92', '$107.18', '$428.74', '$2,679.60', '$535.92', '$2,143.68');
INSERT INTO payroll VALUES ('1560', '03DD7FB6', '7', '$9.57', '$535.92', '$107.18', '$428.74', '$3,215.52', '$643.10', '$2,572.42');
INSERT INTO payroll VALUES ('1041', '03DD7FB6', '6', '$9.57', '$459.36', '$91.87', '$367.49', '$3,674.88', '$734.97', '$2,939.91');
INSERT INTO payroll VALUES ('1042', 'F3E19D5E', '7', '$10.02', '$561.12', '$112.22', '$448.90', '$561.12', '$112.22', '$448.90');
INSERT INTO payroll VALUES ('2100', 'F3E19D5E', '2', '$10.02', '$160.32', '$32.06', '$128.26', '$721.44', '$144.28', '$577.16');
INSERT INTO payroll VALUES ('2101', 'F3D4D51E', '5', '$11.17', '$446.80', '$89.36', '$357.44', '$446.80', '$89.36', '$357.44');
INSERT INTO payroll VALUES ('2102', 'E4117DE9', '7', '$9.92', '$555.52', '$111.10', '$444.42', '$555.52', '$111.10', '$444.42');
INSERT INTO payroll VALUES ('2103', 'E4117DE9', '7', '$9.92', '$555.52', '$111.10', '$444.42', '$1,111.04', '$222.20', '$888.84');
INSERT INTO payroll VALUES ('2110', 'E4117DE9', '5', '$9.92', '$396.80', '$79.36', '$317.44', '$1,507.84', '$301.56', '$1,206.28');
INSERT INTO payroll VALUES ('2111', 'A492113E', '7', '$8.97', '$502.32', '$100.46', '$401.86', '$502.32', '$100.46', '$401.86');
